Cabin; 1; Tristan Thorn 
Cabin; 2; Yvaine 
Cabin; 3; Lamia 
Cabin; 4; Captain Shakespeare 
Cabin; 5; Victoria 
Cabin; 6; Primus
Cabin; 7; Secundus
Cabin; 8; Tertius
Cabin; 9; Quartus
Cabin; 10; Quintus
Cabin; 11; Septimus
Cabin; 12; Ditchwater Sal 
Trailer; 13
Trailer; 14
Trailer; 15
Trailer; 16
Trailer; 17
Trailer; 18
Trailer; 19
Trailer; 20
Trailer; 21
Trailer; 22
Trailer; 23
Trailer; 24
Trailer; 25
Trailer; 26
Trailer; 27
Trailer; 28
Trailer; 29
Trailer; 30
Trailer; 31
Trailer; 32
Trailer; 33
Trailer; 34
Trailer; 35
Trailer; 36
Trailer; 37
Trailer; 38
Trailer; 39
Trailer; 40
Trailer; 41
Trailer; 42
Trailer; 43
Trailer; 44
Trailer; 45
Tent; 46
Tent; 47
Tent; 48
Tent; 49
Tent; 50
Tent; 51
Tent; 52
Tent; 53
Tent; 54
Tent; 55
Tent; 56
Tent; 57
Tent; 58
Tent; 59
Tent; 60
Tent; 61
Tent; 62
Tent; 63
Tent; 64
Tent; 65
Tent; 66
Tent; 67
Tent; 68
Tent; 69
Tent; 70
Tent; 71
Tent; 72
Tent; 73
Tent; 74
Tent; 75
Tent; 76
Tent; 77
Tent; 78
